plot,region,lat,long,pH,EC,OC,P,K,Ca,Mg,S,B,Zn,Fe,Cu,Mn,C,N
COD.BF.01,Codal,15.591445,74.201858,6.5,0.06,1.82,26,141,1038,148.1,3.29,0.02,5.21,35.33,2.86,65.88,2.9711,0.29162
COD.BF.02,Codal,NA,NA,6.6,0.07,2.05,28,153,1267,157.9,2.53,0.07,5.98,46.13,4.18,78,2.847,0.30529
COD.D.CHR,Codal,15.58735,74.20726,6.6,0.05,1.73,15,76,805.2,103,5.04,0.04,4.28,28.99,1.07,177.1,2.3351,0.23172
COD.D.STR,Codal,15.58854,74.20763,6.6,0.06,2.14,10,114,1002,165.5,2.51,0.06,4.53,34.1,1.92,170.7,3.4893,0.35393
COD.R.01,Codal,15.59015,74.20922,6.4,0.04,1.73,25,139,841.4,118.8,1.09,0.04,5.39,28.64,2.05,70.13,2.6309,0.30206
COD.R.02,Codal,NA,NA,6.5,0.05,1.52,31,106,845.3,117.9,1.45,0.08,2.55,35.03,2,105.7,2.3439,0.29689
GHD.D.01,Ghotgewadi,15.76942,74.04262,6.7,0.06,1.99,3,101,797.6,149.4,2.88,0.09,5.8,31.04,1.44,115.4,2.8167,0.24409
GHD.D.02,Ghotgewadi,15.76874,74.04158,6.7,0.07,2.89,4,109,1195,180.5,2.97,0.07,9.67,35.41,2.65,114.8,4.0032,0.3826
GHD.D.03,Ghotgewadi,15.76867,74.03947,6.6,0.07,1.91,4,150,1288,188,2.45,0.07,70.33,41.58,5.86,34.85,4.0234,0.33293
GHD.D.04,Ghotgewadi,15.76877,74.04058,6.4,0.04,1.93,30,108,858.9,185.4,2.53,0.04,5.27,30.79,1.68,90.78,3.1234,0.30004
GHD.D.05,Ghotgewadi,15.768086,74.043487,6.3,0.05,1.99,17,68,448.3,83.39,0.49,0.06,3.4,32.65,1.43,77.68,2.2863,0.01863
MOR.RF.01,Morle,15.778351,74.047182,6.5,0.08,1.76,10,95,612.6,95.73,3.36,0.04,8.81,29.29,1.14,114.5,1.9312,0.21311
MOR.RF.02,Morle,15.77913,74.04826,6.5,0.08,2.02,13,98,751.6,82.88,1.23,0.08,6.77,27.02,1.83,162.8,2.6196,0.30432
MOR.RF.03,Morle,15.77971,74.04947,6.6,0.08,2.2,21,148,949.8,121.6,3.13,0.06,13.29,29.34,2.05,92.82,3.1147,0.30121
MOR.RF.04,Morle,15.77968,74.05016,6.4,0.07,2.11,18,145,919.7,132.1,3.27,0.04,3.52,36.25,2.54,110,2.7697,0.33056
MOR.RF.05,Morle,15.78006,74.05111,6.6,0.06,2.17,5,141,1153,151.2,2.99,0.07,3.11,40.72,2.69,98.33,3.1174,0.31119
TAL.D.01,Talkat,15.81702,73.95899,6.5,0.1,2.29,19,99,1187,186.6,5.5,0.02,91.09,28.61,2.02,138.4,3.6367,0.39613
TAL.D.02,Talkat,15.81675,73.95798,6.2,0.08,2.05,10,78,676.4,126.7,1.23,0.07,13.36,30.55,1.58,148.1,3.1461,0.33674
TAL.D.03,Talkat,15.8124,73.96075,6.5,0.08,2.02,23,82,944.1,131.5,2.28,0.08,7.25,29.59,1.63,115.2,2.9832,0.31243
TAL.D.04,Talkat,15.81135,73.96087,6.7,0.08,1.58,17,72,761,135.3,5.47,0.03,5.72,24.23,1.26,144.6,2.6922,0.29834
TAL.D.05,Talkat,15.81182,73.96013,6.6,0.06,2.26,8,51,715.5,118.3,1.56,0.04,3.23,25.54,1.52,80.38,3.1467,0.31567
TAL.RF.01,Talkat,15.80992,73.95125,6.5,0.08,2.83,17,90,839.6,125.1,3.43,0.02,2.77,42.71,3.86,33.32,3.5583,0.14219
TAL.RF.02,Talkat,15.81037,73.95025,6.6,0.04,2.47,15,95,776.4,105.3,2.41,0.04,6.47,45.93,4.64,23.58,2.4481,0.1751
TAL.RF.03,Talkat,15.80992,73.9523,6.5,0.1,1.99,16,99,839,111.7,1.63,0.07,2.53,27.65,2.03,205.6,3.3136,0.2705
TAL.RF.04,Talkat,15.8119,73.95298,6.4,0.08,1.67,17,58,458.2,77.12,2.86,0.07,3.43,30.01,0.68,27.11,1.7879,0.08448
TAL.RF.05,Talkat,15.81314,73.95236,6.6,0.07,1.64,12,69,647.1,92,2.35,0.03,1.4,25.58,1.89,75.78,2.2492,0.1643
TAL.RF.06,Talkat,15.81322,73.95176,6.4,0.07,1.85,15,61,696.6,118.8,2.3,0.07,9.85,36.64,1.95,32.21,2.2115,0.15631
TIL.RF.01,Tilari,15.77213,74.09735,6.2,0.08,2.44,27,146,716.1,153.5,0.44,0.13,19.4,68.83,2.29,20.19,1.8464,0.1423
TIL.RF.02,Tilari,15.77266,74.0984,6.3,0.05,1.13,23,92,363.2,71.32,0.01,0.06,5.02,50.15,1.92,9.83,3.708,0.25427
TIL.RF.03,Tilari,15.76939,74.07978,6.5,0.06,2.17,17,136,593.2,107.4,0.01,0.1,7.89,47.81,3.9,35.44,2.915,0.27076
TIL.RF.04,Tilari,15.76987,74.07943,6.5,0.06,2.2,17,133,630,111.2,0.06,0.09,32.51,58.84,3.81,44.79,3.0013,0.25112
TIL.RF.05,Tilari,15.77071,74.07965,6.3,0.07,1.7,26,110,593.1,100.2,0.36,0.06,26.62,64.37,3.14,42.82,2.6471,0.23791
TIL.D.01,Tilari,15.77272,74.09332,6.4,0.07,2.08,2,137,703.4,122,1.74,0.11,18.64,89.81,4.2,46.64,3.052,0.20382
TIL.D.02,Tilari,15.77476,74.09316,6.7,0.07,2.08,5,93,717.3,110.9,2.28,0.07,30.03,63.13,3.12,31.71,2.6422,0.16457
TIL.D.03,Tilari,15.77175,74.09417,6.6,0.06,2.26,29,111,964.1,175.1,1.4,0.07,14.48,62.63,4.56,44.63,3.3603,0.23649
TIL.D.04,Tilari,15.77167,74.09516,6.5,0.07,2.14,19,126,1045,170,2.84,0.07,7.56,79.02,3.15,33.01,2.6524,0.18934
TIL.D.05,Tilari,15.77257,74.09478,6.4,0.08,2.23,4,132,870.2,120.1,0.95,0.09,7,99.38,3.57,32.11,2.9114,0.21041
WLD.RF,Wildone,15.80203,74.09752,6.7,0.07,1.93,6,168,1060,147.7,2.22,0.07,3.43,36.24,3.92,93.41,2.5951,0.27193
KUD.C,Kudal,16.06835,73.91636,6.4,0.06,2.02,14,155,978.2,155.8,1.47,0.03,11.79,76.6,5.04,19.18,3.0574,0.27703
KUD.R,Kudal,16.06846,73.91664,6.6,0.06,2.2,18,122,720,109.6,2.82,0.04,18.51,54.15,2.71,18.58,2.5695,0.25669
VAN.C,Vanoshi,15.72134,73.9776,6.3,0.05,2.35,24,88,605.6,125.9,1.28,0.04,5.66,46.83,3.75,20.9,3.2942,0.29091
VAN.R,Vanoshi,15.72204,73.97844,6.6,0.04,1.55,10,77,374.5,86.6,0.01,0.07,12.28,55.28,2.6,19.73,2.5462,0.21978